% Model,Test1.mph
% Version,COMSOL 6.0.0.318
% Date,"Oct 2 2023, 13:05"
% Table,Generator_export - 
% Time,Q,DH,QHD,QHH,prod,Qm,DHp,QH,D,QD
0,0.9996002398321241
7.107141824976009E-12,0.9995931384723676
1.4214283649952018E-11,0.9995860372135092
2.8428567299904037E-11,0.9995718349312134
